id;name;subject;price;latitude;longitude;start_date;end_date;description;repeat
1;mobile Fish;Home Loan Account Table Computer;5808;FTP Savings Account;deposit Tasty Metal Bacon Implementation;2019-10-12T21:56:39;2019-10-12T17:35:56;Soap methodology Albania;false
2;intangible;enable Gorgeous Frozen Pants;23277;Licensed Savings Account;Cambridgeshire Mississippi;2019-10-12T20:50:53;2019-10-12T01:19:28;Yuan Renminbi Centers;false
3;Usability South Dakota envisioneer;Intelligent;68423;infomediaries;Investment Account;2019-10-12T01:57:59;2019-10-12T21:08:15;Regional;false
4;invoice;convergence;20794;Georgia Industrial;connect Markets Chief;2019-10-12T07:36:48;2019-10-12T04:30:30;archive Georgia Aruba;true
5;navigating;interactive generating compelling;28093;Faroe Islands Plastic;Car Industrial deliverables;2019-10-12T12:29:09;2019-10-12T17:11:37;Books;true
6;monitor;1080p Checking Account Identity;65107;Internal;Investment Account archive Fantastic Plastic Chicken;2019-10-12T14:09:30;2019-10-12T05:58:51;New York tangible Mississippi;false
7;Developer;synthesize Idaho compress;49379;Poland;Small partnerships;2019-10-12T17:07:18;2019-10-12T21:12:30;withdrawal knowledge base Buckinghamshire;true
8;Phased;Saint Lucia white;94285;Money Market Account;Salad Web virtual;2019-10-12T06:45:40;2019-10-12T19:25:51;Squares mint green e-business;true
9;projection Fresh;support Gorgeous;22793;synergies copying;ability Hat Iraq;2019-10-12T10:19:37;2019-10-12T16:37:56;Concrete 24/7 Directives;false
10;Mauritania;facilitate Tasty Concrete Chips Exclusive;69630;card Plastic;Computers Personal Loan Account Berkshire;2019-10-12T20:43:38;2019-10-12T21:10:10;ubiquitous;true
